subjid         , age, aoa2, flankscore        , wcst_error
aa22jage34     ,  71, 17  , 145.144230769231  ,         12
ab25mabe31     ,  72,  6  , 469.580882352941  ,         15
ab78okbe82     ,  72,  7  , 54.5              ,         12
ag51nore51     ,  77, 25  , 199.73544973545   ,         10
aj26deda63     ,  67,  5  , 8.80000000000007  ,          8
al27mahe42     ,  75,  2  , -0.434782608695627,          9
al36magu3      ,  78,  6  , -68.6070853462157 ,         19
al58apbe4      ,  67, 22  , 44.1666666666666  ,         11
al73setr1      ,  69,  4  , 14.7090301003345  ,         22
al76sefo11     ,  70,  2  , 198.942307692308  ,         20
al92meaj13     ,  71,  3  , -38.4666666666666 ,         13
al98detr11     ,  70, 12  , -3.66873706004139 ,         19
an49mare2      ,  67, 11  , 52.7666666666667  ,          8
an66masj1      ,  83,  0  , 60.3561872909698  ,         14
an73dero28     ,  66, 12  , 75.7761674718196  ,          7
an88sefo33     ,  80,  6  , 68.9335664335665  ,          9
an89apbe93     ,  75, 10  , 93.1746031746031  ,         10
an91auaa61     ,  68,  2  , 47.0833333333334  ,          8
ar55jufr2      ,  77, 12  , 86.0310344827586  ,          8
ar8mael45      ,  66, 12  , 97.7954911433172  ,          7
ar92mage65     ,  74,  2  , 50.0156862745098  ,         21
ar93japi51     ,  68,  3  , 34.5513043478261  ,         12
at75felu3      ,  72, 12  , 5.14423076923072  ,          9
au78juje2      ,  67,  1  , 61.9896551724138  ,         16
ba22meoe95     ,  70,  7  , -4.68499999999995 ,         10
ba53apge29     ,  70,  6  , 28.8044871794872  ,         20
be78juin2      ,  68,  4  , -134.116228070175 ,         24
be95mahe65     ,  71,  6  , -37.4705882352941 ,         20
be97seul51     ,  75,  0  , 71.4516129032259  ,          8
bi80okge21     ,  71,  6  , 477.618181818182  ,         19
bo82lija67     ,  66,  6  , 397.141666666667  ,         12
ch33jape26     ,  68, 12  , 9.35347985347983  ,         15
co19sefr21     ,  69, 24  , -58.6             ,         16
da90noje74     ,  73,  6  , 161.935587761675  ,         14
de35apar1      ,  72, 10  , 299.08            ,         16
de6seja2       ,  70, 13  , 77.8019047619048  ,         15
di71sekl1      ,  69,  4  , 4.34523809523807  ,         19
di75sepy74     ,  69,  5  , 224.665454545455  ,         10
dj76seja34     ,  70,  2  , 101.343434343434  ,         20
do37dedi31     ,  77,  6  , -31.9673913043479 ,         16
do3mege36      ,  73,  7  , -62.6952380952381 ,         15
do55meja29     ,  72,  6  , 245.294117647059  ,         14
do98seja91     ,  69,  0  , 99.75             ,         13
eb3sest33      ,  72,  4  , 210.215217391304  ,         11
eb8aujo51      ,  66, 12  , 88.4074074074074  ,          9
ee63feel72     ,  76,  6  , 34.016129032258   ,         12
eg49auma61     ,  71,  6  , 153.27380952381   ,         10
eg55aphe5      ,  65, 13  , 124.824675324675  ,          7
em22okal99     ,  77, 14  , 6.50166666666667  ,          9
em84jual65     ,  79,  8  , 51.7457912457912  ,         18
en35auma21     ,  68,  6  , 84.0487012987013  ,         11
er11apan51     ,  75,  3  , -11.0708534621579 ,          6
ev99deev38     ,  71,  4  , 653.289855072464  ,         28
fc92jaar43     ,  82, 13  , 34.8671328671329  ,          8
fi37okhe2      ,  68,  9  , 102.669950738916  ,         18
fo89jufo31     ,  77,  2  , -27.5416666666666 ,          7
ge28juel12     ,  71,  4  , -14.8571428571429 ,         12
ge42juwi75     ,  70,  5  , 51.15             ,         15
ge4jual3       ,  75,  4  , 18.4846153846154  ,         14
ge56juhe32     ,  68,  5  , 101.861111111111  ,          7
ge56nome13     ,  76,  6  , 11.4305555555557  ,         20
ge57nosa33     ,  70,  4  , 895.851851851852  ,         14
ge6mewi33      ,  68,  1  , -1.03174603174602 ,         13
ge6seru5       ,  69, 13  , 31.7307692307692  ,         12
ge71mehe1      ,  65,  6  , 100.659090909091  ,          7
ge92apel61     ,  67, 26  , 25.1464646464647  ,         14
ge99auja81     ,  65,  6  , 409.767857142857  ,         10
gj70sete51     ,  65,  6  , 290.90625         ,         14
go93sean4      ,  68,  6  , 66.1              ,         10
ha21jaja31     ,  66,  0  , 165.933566433567  ,         14
ha31seul65     ,  69, 11  , 1.93333333333328  ,         16
ha32maja67     ,  65,  4  , 136.392857142857  ,          9
ha34mege94     ,  87, 15  , 23.7111111111111  ,         13
ha38auhe5      ,  67,  3  , 16.8263888888889  ,         11
ha49juja1      ,  77, 26  , 54.4202898550725  ,         19
ha58juen99     ,  71, 12  , -24.3733766233765 ,          8
ha5majo3       ,  81,  3  , -286.578947368421 ,         10
ha86okhe72     ,  71,  6  , 444.961956521739  ,         24
ha89neja51     ,  66,  4  , 82.3              ,          9
ha9apjo51      ,  73,  2  , 376.388888888889  ,         14
he0meyp26      ,  67,  2  , 171.76724137931   ,         22
he15mefe24     ,  67,  2  , 124.760869565217  ,         22
he1fehe23      ,  70,  4  , -13.551282051282  ,         18
he24noli54     ,  73,  1  , 146.835016835017  ,         10
he25auni4      ,  81, 12  , 20.2564935064935  ,         13
he34feri48     ,  66,  6  , 10.3111111111111  ,         10
he39jaja3      ,  65, 12  , 88.9784688995215  ,          5
he41nooa74     ,  72,  4  , 27.0217391304348  ,         19
he55rthe3      ,  69,  0  , -4.5              ,         15
he58auee71     ,  78,  6  , -25.7116666666666 ,          6
he62defr12     ,  83,  2  , 63                ,         15
he69okal23     ,  69, 10  , 378.476890756303  ,         15
he93dein51     ,  75,  9  , 850.144827586207  ,         16
he98mehi36     ,  79,  7  , -238.492063492064 ,         23
hi16okge81     ,  66, 16  , 23.5533333333334  ,          8
hi4fehe3       ,  75,  4  , 372.742424242424  ,         11
hl69okpe28     ,  67, 11  , 52.08             ,          7
ho17mela17     ,  93,  0  , 3.39952153110062  ,         18
hu29jajo91     ,  80,  7  , -7.70760233918134 ,         12
ja10dewy9      ,  73,  4  , -362.8            ,         17
ja11jutj1      ,  74,  6  , 97.5576923076923  ,         15
ja11mael34     ,  84, 12  , -28.8471177944863 ,         19
ja12jaja32     ,  66, 16  , 29.2139130434783  ,          4
ja14jare1      ,  65,  1  , 38.1887477313975  ,          9
ja15mejo41     ,  72, 20  , 43.2285714285714  ,          9
ja19seha17     ,  74,  4  , -83.5664488017429 ,         15
ja22juro51     ,  70,  2  , -15.9770114942528 ,          9
ja23jure54     ,  66,  8  , 174.32            ,          6
ja27mavo51     ,  76,  6  , 28.2937062937062  ,          8
ja27sema31     ,  73, 12  , 336.883040935673  ,         12
ja2deak44      ,  74, 14  , -35.0606060606061 ,         22
ja38jajo8      ,  70,  2  , -40.8076923076923 ,         25
ja3jage35      ,  85, 26  , 26.7267080745341  ,          9
ja52jugr49     ,  65,  0  , 38.7783251231527  ,          7
ja55seja1      ,  77,  2  , -10.1331168831169 ,         20
ja58maro75     ,  71, 11  , -20.4185185185185 ,         15
ja58meri3      ,  69,  4  , 180.635869565217  ,         19
ja59judi52     ,  75,  5  , 39.7756410256411  ,         10
ja60jasj21     ,  66, 10  , 42.4107142857143  ,         15
ja61juhe35     ,  77,  1  , 23.7826086956522  ,         18
ja6maci86      ,  72,  5  , 681.04347826087   ,         20
ja6sehe11      ,  67,  5  , 109.24            ,          8
ja76mage4      ,  70,  2  , 27.3888888888889  ,          9
ja77noem48     ,  65,  4  , 40.6973913043479  ,          8
ja78feja1      ,  67,  1  , -21.0431034482758 ,          9
ja79dewi26     ,  77, 12  , -7.28380952380951 ,         17
ja7sege31      ,  69,  1  , 223.716878402904  ,          6
ja80mrkl43     ,  76,  1  , 89.634460547504   ,         17
ja82juwi9      ,  70,  3  , 59.5595238095239  ,         15
ja84jati38     ,  65,  0  , 328.939393939394  ,         12
ja86dejo43     ,  65,  8  , -4.76489533011272 ,         14
ja88auge41     ,  67, 11  , 50.9102564102565  ,          9
ja88mejo75     ,  72, 12  , 11.3846153846154  ,          5
ja8erkl69      ,  67, 50  , 301.944444444445  ,         11
ja8meja43      ,  67,  6  , 453               ,          8
ja90okmi91     ,  70,  1.5, 34.7435897435897  ,          9
ja91apdo2      ,  81,  1  , 43.76             ,         16
ja93sean31     ,  65,  2  , 72.8923076923078  ,         15
ja96fepe81     ,  75, 13  , 293.338461538462  ,         11
ja97jual45     ,  66, 25  , -63.6731078904993 ,         22
ja99meja2      ,  75,  1  , 63.3678929765886  ,         16
ja9juin81      ,  66,  2  , 54.1763636363636  ,         17
je1noan35      ,  83,  0  , -15.4391304347826 ,         12
je29meje91     ,  81, 12  , 113.071428571429  ,          6
je80dege22     ,  71,  6  , 17.5056360708535  ,         13
jm39rtry1      ,  71,  4  , 48.0919540229885  ,         13
jo15apja17     ,  74,  1  , -3.82999999999993 ,         11
jo16jujo56     ,  69,  2  , 190.375           ,         15
jo22apjo35     ,  86, 14  , 177.221153846154  ,          5
jo23apja81     ,  65,  6  , 66.3907407407407  ,         11
jo33juhe8      ,  71, 12  , 36.2226086956521  ,          8
jo37feha51     ,  81, 11  , 93.2909698996655  ,         29
jo38dean2      ,  66,  2  , 181.103678929766  ,         12
jo44maja36     ,  68,  6  , 33.0804195804195  ,          7
jo66sear3      ,  77,  2  , 105.258741258741  ,         12
jo67auci2      ,  77,  4  , -63.4455128205128 ,          8
jo77juje43     ,  69,  1  , 86.8007246376812  ,         10
jo7fele84      ,  67,  1  , 50.3103448275862  ,         16
jo8mego35      ,  66, 12  , -14.8367003367003 ,          6
jp3juma74      ,  67, 12  , 101.152709359606  ,         13
jr13dema26     ,  67,  1  , 122.294871794872  ,         16
ju39mero48     ,  74,  3  , 279.931818181818  ,         17
ju57mesa1      ,  70,  6  , 13.2824675324675  ,         13
ka31aube1      ,  68,  3  , 37.2306397306397  ,         19
ka36jama11     ,  67, 50  , 5.39285714285711  ,          6
ke69seme21     ,  66,  7  , -52.6858974358973 ,          7
kl46auhi65     ,  75,  2  , 30.4916666666667  ,         12
kl69juji51     ,  65,  9  , 16.8660869565218  ,          5
ko41noau75     ,  66,  4  , 74.3344155844156  ,          5
ko65jagr59     ,  72,  1.5, 17.0886287625418  ,         13
ko83okal67     ,  75,  2  , 91.08             ,         19
la37dewi75     ,  69,  4  , 108.590909090909  ,         16
la47maja21     ,  70, 10  , 38.1201298701299  ,         14
le96owi65      ,  70, 12  , 45.7234848484848  ,         18
lo33aune36     ,  68, 12  , 55.0050167224081  ,          6
lu82jagj3      ,  68,  1  , 127.72            ,         12
ma20feep71     ,  72,  1  , 118.675585284281  ,          8
ma40meje2      ,  76,  9  , 167.161764705882  ,         16
ma5jusy7       ,  78,  6  , 220.366771159874  ,         17
ma63mema31     ,  68, 12  , 38.1912280701754  ,         14
ma75mest18     ,  68,  5  , 53.2147435897435  ,         20
ma92auau21     ,  69,  8  , 25.6747181964573  ,          9
ma98juhe5      ,  75, 21  , -26.0545808966861 ,         12
me37apwi21     ,  71, 12  , 42.0344827586207  ,          8
mi94sebr1      ,  71, 30  , 128.031986531986  ,          8
na40noti83     ,  78,  6  , -86.8             ,         13
ni8mean51      ,  69, 14  , 211.708791208791  ,         14
no79jari68     ,  68, 12  , 222.318181818182  ,          7
oe49juja3      ,  73,  1  , 112.833333333333  ,         11
oo29meje51     ,  67, 12  , 77.3561872909698  ,         23
ot54dear63     ,  68,  6  , 69                ,          7
ot94meha2      ,  65,  3  , -0.588768115942116,         11
pa16deja63     ,  67,  6  , 171.230476190476  ,         18
pa73meje4      ,  77,  6  , -61.8772893772895 ,         20
pe37jatr6      ,  70,  1  , -51.9833333333333 ,          8
pe95dema18     ,  68, 12  , 253.666666666667  ,         24
pi11juau32     ,  86, 14  , 748.578947368421  ,         16
pi17seja21     ,  84, 12  , -90.4212121212122 ,         16
pi22juma99     ,  71, 12  , -49.9583333333333 ,         11
pi40aufo91     ,  65,  5  , 58.9083191850594  ,          7
pi50metj12     ,  69,  1  , 297.77380952381   ,         10
pi51dejo51     ,  77,  4  , 306.813131313131  ,          9
pi59dejo15     ,  72, 13  , 11.7710437710438  ,         14
pi64juan45     ,  73,  6  , 32.8214285714286  ,         18
pi6aube43      ,  70, 11  , 114.025362318841  ,         13
pi80masj3      ,  86, 14  , 75.9184210526316  ,         20
po22juan63     ,  65,  1  , -105.64           ,         14
re18okkl3      ,  71,  1  , 14.7966666666666  ,         18
re1aube31      ,  71,  4  , 209.076190476191  ,         13
re70juko2      ,  66,  2  , 278.125           ,         15
re98jaje51     ,  69,  0  , 14.8973063973064  ,          7
ri40okma79     ,  70, 14  , 707.869565217391  ,         11
ri71memi92     ,  67,  2  , 278.428571428571  ,         20
ro31mema21     ,  72, 12  , 671.33            ,         14
ro61jada21     ,  68, 12  , 60.3595317725753  ,          6
ro81maan1      ,  72,  2  , 32.2209523809524  ,         14
ro85jajo81     ,  65,  2  , 55.094982078853   ,         10
ro95nulvijfbe63,  76,  1  , 526.928571428571  ,         12
ru53meti43     ,  68,  0  , -11.3000000000001 ,         14
ru96seed31     ,  69, 12  , -10.7986111111111 ,          8
si11debr3      ,  75,  2  , -69.37            ,          7
si16oksj54     ,  66, 14  , 49.8653846153846  ,          8
si20juma21     ,  68,  4  , -18.6             ,          8
si61juwi85     ,  72, 20  , -36.83            ,         14
si90jaro1      ,  75,  2  , -0.280797101449252,         13
si97fefo85     ,  67,  6  , 65.2660098522167  ,          8
sj23aune1      ,  69,  2  , 105.816091954023  ,          5
sj50okfo31     ,  66,  6  , -48.8715789473684 ,         15
sj54seri45     ,  72,  1  , 199.557692307692  ,         11
sj72apfi17     ,  72,  2  , 28.9542124542126  ,         13
ta32mapy54     ,  81,  5  , -2.72619047619048 ,         12
ta79okym76     ,  69,  5  , 286.282828282828  ,         14
th16mael4      ,  70,  6  , 112.363333333333  ,          9
ti34mesi51     ,  72, 21  , 123.416666666667  ,         11
ti56feja55     ,  68,  2  , 419.827586206897  ,         12
tj33noaa1      ,  72,  1  , 31.4798711755234  ,          7
tj39noni22     ,  86,  2  , 79.2845117845118  ,         10
tj59deje23     ,  65, 17  , 76.9166666666667  ,          6
tj91fehi48     ,  66,  1  , -59.7462962962964 ,         18
tj98deha23     ,  71, 12  , -29.1683501683501 ,         12
tp12noco33     ,  70, 20  , 127.769726247987  ,         16
ui86juti53     ,  73,  1  , 45.8796296296297  ,          8
ui95jabu61     ,  70,  6  , 70.0939130434782  ,          9
w a96mene8     ,  73, 12  , -28.2832167832169 ,          7
